{
  "selected_model": "mlp_sgd",
  "selection_metric": "expanding_window_log_loss",
  "models": {
    "mlp_adam": {
      "mean_log_loss": 0.8961396083975979,
      "mean_brier": 0.5272575233148981,
      "mean_macro_f1": 0.45060914323085294,
      "folds": [
        {
          "macro_f1": 0.44037720204409303,
          "accuracy": 0.5780346820809249,
          "log_loss": 0.9116013216370922,
          "brier": 0.536622887979067,
          "ece": 0.01810940634997594,
          "mae_goals_a": 1.0723643422356461,
          "mae_goals_b": 0.8871803595208938,
          "confusion_matrix": [
            [
              828,
              11,
              159
            ],
            [
              330,
              14,
              133
            ],
            [
              228,
              15,
              358
            ]
          ],
          "fold": "2018_2019",
          "training_seconds": 4.985712480964139
        },
        {
          "macro_f1": 0.4758930621471338,
          "accuracy": 0.6114911080711354,
          "log_loss": 0.8518012663880894,
          "brier": 0.4996155006727151,
          "ece": 0.04277793541244867,
          "mae_goals_a": 1.0160517066248302,
          "mae_goals_b": 0.7982091721346048,
          "confusion_matrix": [
            [
              595,
              11,
              86
            ],
            [
              204,
              15,
              126
            ],
            [
              137,
              4,
              284
            ]
          ],
          "fold": "2020_2021",
          "training_seconds": 4.011474589002319
        },
        {
          "macro_f1": 0.43555716550133194,
          "accuracy": 0.580046403712297,
          "log_loss": 0.9250162371676123,
          "brier": 0.545534181292912,
          "ece": 0.02076612340325268,
          "mae_goals_a": 0.9592569454847522,
          "mae_goals_b": 0.8054408062500079,
          "confusion_matrix": [
            [
              359,
              11,
              63
            ],
            [
              119,
              6,
              71
            ],
            [
              96,
              2,
              135
            ]
          ],
          "fold": "2022_pre_wc",
          "training_seconds": 3.5462103240424767
        }
      ]
    },
    "mlp_sgd": {
      "mean_log_loss": 0.8939863590319567,
      "mean_brier": 0.5261727311187289,
      "mean_macro_f1": 0.43180223672038237,
      "folds": [
        {
          "macro_f1": 0.42053489154121965,
          "accuracy": 0.575626204238921,
          "log_loss": 0.9099680251669122,
          "brier": 0.5359204874739368,
          "ece": 0.02387498533048151,
          "mae_goals_a": 1.078266173945686,
          "mae_goals_b": 0.8932991881347001,
          "confusion_matrix": [
            [
              835,
              1,
              162
            ],
            [
              330,
              0,
              147
            ],
            [
              241,
              0,
              360
            ]
          ],
          "fold": "2018_2019",
          "training_seconds": 3.815056740073487
        },
        {
          "macro_f1": 0.46044840831551026,
          "accuracy": 0.6114911080711354,
          "log_loss": 0.8505068529814791,
          "brier": 0.49956144163487026,
          "ece": 0.03435596607615295,
          "mae_goals_a": 1.0178766092221812,
          "mae_goals_b": 0.7968784354464056,
          "confusion_matrix": [
            [
              611,
              1,
              80
            ],
            [
              223,
              6,
              116
            ],
            [
              147,
              1,
              277
            ]
          ],
          "fold": "2020_2021",
          "training_seconds": 5.57920749404002
        },
        {
          "macro_f1": 0.41442341030441715,
          "accuracy": 0.5835266821345708,
          "log_loss": 0.9214841989474791,
          "brier": 0.5430362642473794,
          "ece": 0.021756663019585218,
          "mae_goals_a": 0.9669307348968811,
          "mae_goals_b": 0.7986713293118709,
          "confusion_matrix": [
            [
              377,
              0,
              56
            ],
            [
              128,
              0,
              68
            ],
            [
              107,
              0,
              126
            ]
          ],
          "fold": "2022_pre_wc",
          "training_seconds": 2.9687555050477386
        }
      ]
    },
    "lstm": {
      "mean_log_loss": 0.8992956753537019,
      "mean_brier": 0.5297838723974289,
      "mean_macro_f1": 0.4545524068126893,
      "folds": [
        {
          "macro_f1": 0.44539210154742787,
          "accuracy": 0.5765895953757225,
          "log_loss": 0.9165660983081722,
          "brier": 0.5406953118481583,
          "ece": 0.018867748751805694,
          "mae_goals_a": 1.1108055507660142,
          "mae_goals_b": 0.9044726124474768,
          "confusion_matrix": [
            [
              830,
              20,
              148
            ],
            [
              317,
              21,
              139
            ],
            [
              236,
              19,
              346
            ]
          ],
          "fold": "2018_2019",
          "training_seconds": 4.733151730033569
        },
        {
          "macro_f1": 0.4982032942081087,
          "accuracy": 0.6025991792065664,
          "log_loss": 0.8489891341785101,
          "brier": 0.5004877803603728,
          "ece": 0.024220644408472578,
          "mae_goals_a": 1.0200204197342844,
          "mae_goals_b": 0.7950035763341327,
          "confusion_matrix": [
            [
              584,
              43,
              65
            ],
            [
              199,
              37,
              109
            ],
            [
              124,
              41,
              260
            ]
          ],
          "fold": "2020_2021",
          "training_seconds": 8.751339812995866
        },
        {
          "macro_f1": 0.42006182468253134,
          "accuracy": 0.5649651972157773,
          "log_loss": 0.9323317935744235,
          "brier": 0.5481685249837553,
          "ece": 0.035197969586556015,
          "mae_goals_a": 0.9908992773280619,
          "mae_goals_b": 0.8074258174358278,
          "confusion_matrix": [
            [
              353,
              20,
              60
            ],
            [
              120,
              3,
              73
            ],
            [
              93,
              9,
              131
            ]
          ],
          "fold": "2022_pre_wc",
          "training_seconds": 6.662635636981577
        }
      ]
    },
    "gru": {
      "mean_log_loss": 0.8970968878446491,
      "mean_brier": 0.528126499731475,
      "mean_macro_f1": 0.47408557113155436,
      "folds": [
        {
          "macro_f1": 0.47304054652609073,
          "accuracy": 0.5799614643545279,
          "log_loss": 0.913313138990276,
          "brier": 0.5369659336435603,
          "ece": 0.016496810408915638,
          "mae_goals_a": 1.0797077328368647,
          "mae_goals_b": 0.8883054398093552,
          "confusion_matrix": [
            [
              797,
              46,
              155
            ],
            [
              296,
              44,
              137
            ],
            [
              202,
              36,
              363
            ]
          ],
          "fold": "2018_2019",
          "training_seconds": 4.2477505810093135
        },
        {
          "macro_f1": 0.4926307778878944,
          "accuracy": 0.6073871409028728,
          "log_loss": 0.8453059296138572,
          "brier": 0.49732288889589527,
          "ece": 0.02697458537104354,
          "mae_goals_a": 1.0230372584438927,
          "mae_goals_b": 0.7918456840174714,